{"loss": [0.024118077009916306, 0.015704380348324776, 0.01450431440025568, 0.013903725892305374, 0.013471903279423714, 0.013143407180905342, 0.012879123911261559, 0.012665069662034512, 0.012466744519770145, 0.012303450144827366, 0.012209233827888966, 0.012031872756779194, 0.011933678761124611, 0.011814498342573643, 0.011680219322443008, 0.011563758365809917, 0.011464187875390053, 0.01140220370143652, 0.011316576972603798, 0.011241535656154156, 0.011161936447024345, 0.01110562589019537, 0.011039836332201958, 0.010982414707541466, 0.01094317901879549, 0.010867293924093246, 0.010828256607055664, 0.010784691199660301, 0.01071810070425272, 0.010689190588891506, 0.010638459585607052, 0.010602076537907124, 0.01055837981402874, 0.010528665967285633, 0.010489332489669323, 0.010466359555721283, 0.01041453704237938, 0.010403534397482872, 0.010350028052926064, 0.010322805494070053], "val_loss": [0.017017634585499763, 0.014830426312983036, 0.014047228731215, 0.013595080934464931, 0.013512153178453445, 0.013157197274267673, 0.0128997303545475, 0.012607297860085964, 0.01249008346349001, 0.012318005785346031, 0.012080320157110691, 0.01188654825091362, 0.012062471359968185, 0.0116468146443367, 0.011605935171246529, 0.011739232577383518, 0.011320375837385654, 0.011320461519062519, 0.011238845065236092, 0.011119821108877659, 0.011171739548444748, 0.011012417264282703, 0.011209498159587383, 0.01085288729518652, 0.01082755159586668, 0.010783151723444462, 0.010894167236983776, 0.010732992552220821, 0.010688257403671741, 0.010561902076005936, 0.010563837364315987, 0.01048535667359829, 0.010451331734657288, 0.010471561923623085, 0.010396272875368595, 0.0106345908716321, 0.010304480791091919, 0.010307695716619492, 0.010335048660635948, 0.010262494906783104]}