{"accuracy": [0.3640444576740265, 0.4842666685581207, 0.5348888635635376, 0.5728444457054138, 0.5995333194732666, 0.6197333335876465, 0.6382444500923157, 0.6533777713775635, 0.6624000072479248, 0.6736222505569458, 0.6844000220298767, 0.6938666701316833, 0.7020221948623657, 0.7093777656555176, 0.7234444618225098, 0.7276666760444641, 0.7344666719436646], "loss": [1.7515220642089844, 1.439518690109253, 1.2997268438339233, 1.206579566001892, 1.1285759210586548, 1.0753792524337769, 1.029661774635315, 0.9922866225242615, 0.9562897682189941, 0.9252451658248901, 0.8945235013961792, 0.8705704212188721, 0.8440699577331543, 0.8175724148750305, 0.7861173748970032, 0.767142117023468, 0.7515712380409241], "val_accuracy": [0.5077999830245972, 0.551800012588501, 0.6015999913215637, 0.6331999897956848, 0.6534000039100647, 0.6686000227928162, 0.6639999747276306, 0.6787999868392944, 0.6955999732017517, 0.6976000070571899, 0.7024000287055969, 0.7124000191688538, 0.7146000266075134, 0.7120000123977661, 0.7196000218391418, 0.7200000286102295, 0.7193999886512756], "val_loss": [1.3966914415359497, 1.2523579597473145, 1.1416131258010864, 1.0374759435653687, 1.001358151435852, 0.9622403383255005, 0.945700466632843, 0.9283396601676941, 0.8731287121772766, 0.8809645771980286, 0.8633467555046082, 0.821334958076477, 0.8249793648719788, 0.8402888774871826, 0.8227370381355286, 0.8132821321487427, 0.8291153311729431]}